num,img,writer,e,r,t,f,r,y
0,a01-000u,0,2,prt,7,5,52,36
1,a01-000x,1,2,all,6,6,52,52
2,a01-003,2,3,prt,11,10,81,71
3,a01-003u,0,3,prt,11,10,80,73
4,a01-003x,3,3,prt,9,6,82,56
5,a01-007,4,3,all,9,9,69,69
6,a01-007u,0,3,all,10,10,68,68
7,a01-007x,3,3,all,8,8,69,69
8,a01-011,5,2,prt,7,6,68,58
9,a01-011u,0,2,all,10,10,68,68
10,a01-011x,6,2,prt,9,1,68,10
11,a01-014,7,5,prt,10,9,76,68
12,a01-014u,0,5,prt,9,8,59,53
13,a01-014x,8,5,all,10,10,76,76
14,a01-020,9,5,all,9,9,68,68
15,a01-020u,0,5,all,10,10,68,68
16,a01-020x,10,5,all,9,9,69,69
17,a01-026,9,3,prt,10,8,77,62
18,a01-026u,0,3,all,11,11,77,77
19,a01-026x,8,3,prt,10,8,78,63
20,a01-030,5,7,prt,8,6,85,63
21,a01-030u,0,7,prt,11,10,85,75
22,a01-030x,10,6,prt,9,8,76,68
23,a01-038,7,4,prt,13,12,86,77
24,a01-038x,11,4,prt,9,5,82,43
25,a01-043,12,5,prt,11,8,68,50
26,a01-043u,0,5,all,10,10,68,68
27,a01-043x,11,5,all,8,8,67,67
28,a01-049,12,3,prt,11,9,79,68
29,a01-049u,0,3,prt,11,10,75,70
30,a01-049x,0,3,prt,11,9,82,68
31,a01-053,13,4,prt,11,7,72,46
32,a01-053u,0,4,all,10,10,69,69
33,a01-053x,14,4,prt,10,8,68,55
34,a01-058,13,4,prt,10,7,68,48
35,a01-058u,0,4,all,9,9,67,67
36,a01-058x,14,4,all,10,10,66,66
37,a01-063,13,4,prt,11,9,78,60
38,a01-063u,0,4,prt,10,9,77,69
39,a01-063x,15,4,prt,10,6,77,50
40,a01-068u,0,3,all,10,10,70,70
41,a01-072u,0,4,all,9,9,66,66
42,a01-072x,1,4,prt,8,6,65,47
43,a01-077,16,4,all,10,10,66,66
44,a01-077u,0,4,prt,9,8,65,56
45,a01-082u,0,4,all,10,10,62,62
46,a01-087,17,3,prt,9,8,65,58
47,a01-087u,0,3,all,9,9,64,64
48,a01-091,16,4,all,11,11,71,71
49,a01-091u,0,4,all,10,10,71,71
50,a01-096u,0,5,prt,11,9,82,65
51,a01-102,16,4,prt,11,8,75,52
52,a01-102u,0,4,prt,9,8,75,67
53,a01-107,18,5,prt,5,3,67,38
54,a01-107u,0,5,prt,8,7,68,59
55,a01-113,18,3,all,9,9,84,84
56,a01-113u,0,3,all,11,11,84,84
57,a01-117,19,4,prt,10,9,93,80
58,a01-117u,0,4,all,11,11,87,87
59,a01-122,19,5,prt,8,6,84,62
60,a01-122u,0,5,all,11,11,84,84
61,a01-128,19,3,prt,9,6,84,54
62,a01-128u,0,3,prt,11,8,84,60
63,a01-132,20,3,prt,12,10,70,62
64,a01-132u,0,3,all,10,10,70,70
65,a01-132x,0,3,all,9,9,69,69
66,a02-000,21,3,all,8,8,65,65
67,a02-004,22,3,prt,11,9,76,63
68,a02-008,23,3,prt,9,8,79,70
69,a02-012,24,4,prt,10,9,66,60
70,a02-017,25,2,prt,8,7,71,56
71,a02-020,25,3,all,7,7,62,62
72,a02-024,25,2,prt,8,7,63,55
73,a02-027,25,4,all,10,10,89,89
74,a02-032,25,4,all,7,7,70,70
75,a02-037,26,4,prt,10,8,87,68
76,a02-042,26,3,prt,8,5,69,37
77,a02-046,27,3,prt,8,7,79,69
78,a02-050,28,2,prt,8,7,62,51
79,a02-053,29,3,prt,8,7,77,64
80,a02-057,30,4,prt,9,6,65,45
81,a02-062,31,4,prt,8,2,60,12
82,a02-067,32,4,prt,10,9,73,65
83,a02-072,33,5,all,8,8,88,88
84,a02-078,34,3,prt,10,7,80,58
85,a02-082,35,3,all,8,8,64,64
86,a02-086,36,3,prt,8,7,66,56
87,a02-090,26,2,prt,7,4,64,40
88,a02-093,26,4,prt,9,8,73,69
89,a02-098,26,3,prt,9,6,77,52
90,a02-102,37,3,prt,9,8,68,59
91,a02-106,37,4,all,10,10,83,83
92,a02-111,37,4,prt,12,10,83,70
93,a02-116,38,3,prt,9,7,66,47
94,a02-120,39,3,prt,11,10,80,71
95,a02-124,37,1,all,6,6,41,41
96,a03-006,40,2,all,9,9,80,80
97,a03-009,41,1,prt,8,6,64,43
98,a03-011,42,2,all,9,9,84,84
99,a03-014,43,2,prt,10,9,66,60
100,a03-017,44,2,all,9,9,71,71
101,a03-020,45,2,prt,11,3,58,16
102,a03-023,46,3,all,11,11,75,75
103,a03-027,47,2,prt,10,9,83,74
104,a03-030,48,3,prt,10,9,75,67
105,a03-034,49,2,all,8,8,66,66
106,a03-037,50,2,all,8,8,74,74
107,a03-040,51,2,all,7,7,66,66
108,a03-043,52,3,all,9,9,65,65
109,a03-047,37,2,all,11,11,86,86
110,a03-050,0,3,prt,9,7,64,49
111,a03-054,53,4,prt,11,9,77,64
112,a03-059,54,4,prt,12,8,81,50
113,a03-063,55,3,prt,11,10,98,88
114,a03-066,56,1,all,8,8,58,58
115,a03-071,0,1,prt,9,7,74,59
116,a03-073,0,3,prt,12,11,93,84
117,a03-080,0,2,prt,10,8,70,55
118,a03-089,0,1,prt,4,3,24,15
119,a04-000,58,2,all,7,7,49,49
120,a04-003,58,2,all,8,8,55,55
121,a04-006,58,3,prt,11,10,91,82
122,a04-010,58,4,all,9,9,72,72
123,a04-015,59,3,all,8,8,83,83
124,a04-019,59,3,all,8,8,89,89
125,a04-023,59,3,prt,7,5,82,57
126,a04-027,59,3,all,6,6,74,74
127,a04-031,60,3,all,10,10,86,86
128,a04-035,60,3,prt,10,9,83,75
129,a04-039,60,3,all,10,10,83,83
130,a04-043,60,3,all,9,9,68,68
131,a04-047,61,2,all,9,9,75,75
132,a04-050,61,3,all,7,7,63,63
133,a04-054,61,4,all,7,7,69,69
134,a04-059,61,3,prt,8,7,74,66
135,a04-066,62,2,prt,9,7,61,45
136,a04-069,62,2,prt,9,7,68,55
137,a04-072,62,4,prt,11,10,76,67
138,a04-081,63,3,all,10,10,60,60
139,a04-085,63,3,all,10,10,67,67
140,a04-089,63,2,all,10,10,73,73
141,a04-092,64,3,all,11,11,89,89
142,a04-096,64,2,all,10,10,75,75
143,a04-099,64,3,prt,11,10,85,73
144,a04-103,64,2,all,9,9,68,68
145,a05-000,0,3,all,8,8,57,57
146,a05-004,65,4,prt,10,8,81,66
147,a05-009,65,3,all,8,8,61,61
148,a05-013,0,3,prt,9,6,60,35
149,a05-017,0,4,prt,11,10,74,66
150,a05-022,0,2,all,9,9,63,63
151,a05-025,0,3,prt,11,10,74,68
152,a05-029,0,4,all,10,10,72,72
153,a05-039,0,4,prt,11,8,79,57
154,a05-044,0,3,prt,11,10,77,68
155,a05-048,0,4,all,11,11,85,85
156,a05-053,0,4,prt,11,10,87,78
157,a05-058,0,3,all,9,9,66,66
158,a05-062,0,2,prt,9,5,72,39
159,a05-069,0,3,prt,11,10,76,70
160,a05-073,0,6,prt,11,9,92,74
161,a05-080,0,3,prt,10,9,63,54
162,a05-084,0,4,all,10,10,69,69
163,a05-089,0,4,prt,11,10,87,76
164,a05-094,0,4,prt,11,10,87,80
165,a05-099,0,4,prt,10,9,81,76
166,a05-104,0,3,prt,10,9,67,60
167,a05-108,0,4,prt,8,7,59,52
168,a05-113,0,2,prt,10,9,70,61
169,a05-116,0,4,prt,10,8,74,59
170,a05-121,0,3,prt,10,9,65,56
171,a05-125,0,3,all,8,8,45,45
172,a06-000,66,3,all,8,8,63,63
173,a06-004,66,3,all,10,10,73,73
174,a06-008,67,5,prt,8,6,77,54
175,a06-014,68,5,prt,11,10,74,64
176,a06-020,69,4,all,6,6,74,74
177,a06-025,70,5,all,9,9,61,61
178,a06-036,71,2,all,8,8,66,66
179,a06-039,72,4,prt,11,8,75,54
180,a06-044,73,6,prt,7,6,70,58
181,a06-051,74,5,all,9,9,74,74
182,a06-057,75,6,all,6,6,75,75
183,a06-064,76,5,prt,10,9,77,67
184,a06-070,77,4,all,9,9,69,69
185,a06-075,78,4,all,9,9,68,68
186,a06-090,79,4,all,9,9,78,78
187,a06-095,80,4,all,11,11,72,72
188,a06-100,81,5,prt,7,6,78,67
189,a06-110,82,3,prt,9,8,50,43
190,a06-114,83,4,all,10,10,67,67
191,a06-119,84,4,prt,10,9,61,58
192,a06-124,85,3,all,6,6,67,67
193,a06-128,84,5,prt,11,9,67,55
194,a06-134,85,6,prt,8,6,88,67
195,a06-141,85,5,all,7,7,68,68
196,a06-147,85,4,prt,7,6,76,65
197,a06-152,86,4,prt,11,10,68,62
198,a06-157,85,3,prt,4,2,46,23
199,b01-000,87,3,all,7,7,50,50
200,b01-004,87,4,all,8,8,65,65
201,b01-009,87,4,all,8,8,61,61
202,b01-014,88,3,prt,9,7,77,62
203,b01-018,88,4,prt,9,8,74,63
204,b01-023,88,3,all,7,7,60,60
205,b01-027,89,5,prt,9,8,73,66
206,b01-033,89,4,all,6,6,54,54
207,b01-038,89,5,prt,11,10,99,92
208,b01-044,90,4,all,7,7,64,64
209,b01-049,90,3,prt,8,6,69,51
210,b01-053,90,3,prt,8,5,65,36
211,b01-057,17,4,all,11,11,95,95
212,b01-062,17,5,prt,10,9,75,68
213,b01-073,91,5,prt,11,10,87,78
214,b01-079,91,4,all,11,11,90,90
215,b01-084,92,4,prt,8,6,72,56
216,b01-089,92,4,prt,10,8,81,65
217,b01-094,92,4,prt,10,8,69,53
218,b01-113,93,4,all,8,8,77,77
219,b01-118,93,3,all,9,9,79,79
220,b01-122,93,4,all,9,9,79,79
221,b01-127,94,4,prt,10,9,73,65
222,b01-132,94,3,prt,9,8,71,64
223,b01-136,94,4,prt,8,7,73,63
224,b02-013,95,2,prt,10,8,73,59
225,b02-035,95,3,prt,11,9,78,63
226,b02-045,96,3,all,9,9,94,94
227,b02-097,97,4,all,9,9,81,81
228,b02-102,98,2,all,7,7,62,62
229,b02-105,99,2,all,6,6,42,42
230,b03-025,100,2,all,7,7,65,65
231,b03-087,102,4,all,6,6,74,74
232,b03-092,102,5,all,7,7,72,72
233,b03-098,103,5,all,10,10,79,79
234,b03-104,104,4,all,10,10,78,78
235,b03-109,105,4,prt,9,6,84,52
236,b03-114,106,5,all,9,9,67,67
237,b04-000,107,3,all,7,7,50,50
238,b04-004,107,5,all,11,11,75,75
239,b04-010,107,9,all,10,10,77,77
240,b04-020,107,5,all,9,9,69,69
241,b04-026,108,7,prt,7,3,86,35
242,b04-034,108,5,all,6,6,66,66
243,b04-040,108,6,all,6,6,71,71
244,b04-047,108,6,all,6,6,68,68
245,b04-054,109,5,all,7,7,66,66
246,b04-060,109,5,all,7,7,69,69
247,b04-066,109,8,all,7,7,71,71
248,b04-075,109,5,all,6,6,68,68
249,b04-081,110,7,prt,7,4,70,36
250,b04-089,110,6,prt,8,3,73,27
251,b04-096,110,6,prt,8,6,71,56
252,b04-103,110,3,prt,7,3,65,28
253,b04-107,111,8,all,9,9,74,74
254,b04-116,111,4,all,8,8,79,79
255,b04-121,111,6,all,7,7,66,66
256,b04-128,111,5,all,7,7,70,70
257,b04-134,112,5,all,10,10,84,84
258,b04-140,112,6,all,9,9,73,73
259,b04-147,112,6,all,8,8,72,72
260,b04-154,112,7,all,8,8,69,69
261,b04-162,113,6,all,9,9,70,70
262,b04-169,113,5,prt,8,6,65,48
263,b04-175,113,5,prt,9,7,70,55
264,b04-181,113,5,all,8,8,61,61
265,b04-187,114,7,all,8,8,74,74
266,b04-195,114,6,all,7,7,62,62
267,b04-202,114,5,all,8,8,73,73
268,b04-208,114,1,all,3,3,19,19
269,b05-017,115,6,all,6,6,65,65
270,b05-032,116,5,all,11,11,98,98
271,b05-038,117,3,prt,9,8,64,54
272,b05-042,117,2,prt,11,9,92,74
273,b05-045,117,4,prt,10,8,80,61
274,b05-050,117,4,prt,9,7,63,42
275,b05-055,118,2,all,5,5,61,61
276,b05-058,118,3,prt,6,5,68,60
277,b05-062,118,4,all,6,6,62,62
278,b05-067,118,3,prt,7,6,79,67
279,b05-071,118,2,prt,6,5,59,49
280,b05-074,119,4,all,11,11,105,105
281,b05-079,120,3,all,10,10,65,65
282,b05-083,121,4,prt,9,8,69,65
283,b05-088,122,4,prt,8,6,77,55
284,b05-098,121,3,all,10,10,75,75
285,b06-000,123,3,all,8,8,72,72
286,b06-004,124,3,all,8,8,64,64
287,b06-008,125,3,all,10,10,75,75
288,b06-012,126,2,prt,6,5,60,51
289,b06-015,127,3,prt,11,9,68,52
290,b06-019,128,3,prt,10,8,72,52
291,b06-023,123,3,all,8,8,71,71
292,b06-027,129,4,prt,10,5,61,26
293,b06-032,130,3,all,7,7,57,57
294,b06-036,126,5,prt,8,7,91,77
295,b06-042,131,2,prt,11,10,83,71
296,b06-045,132,3,prt,9,8,69,66
297,b06-049,124,3,all,10,10,77,77
298,b06-053,127,2,prt,11,9,58,46
299,b06-056,125,2,prt,11,10,77,67
300,b06-059,130,4,prt,11,9,82,70
301,b06-064,133,3,all,11,11,70,70
302,b06-068,131,2,all,11,11,70,70
303,b06-071,128,3,prt,10,9,65,58
304,b06-075,124,3,all,11,11,90,90
305,b06-079,130,2,all,10,10,81,81
306,b06-082,132,4,prt,10,8,81,67
307,b06-087,134,2,all,9,9,69,69
308,b06-090,134,2,prt,8,7,62,58
309,b06-093,125,3,all,11,11,71,71
310,b06-097,123,2,all,8,8,63,63
311,b06-100,133,4,prt,10,9,68,59
312,b06-110,126,4,all,8,8,69,69
313,c01-009,135,4,prt,11,9,86,64
314,c01-014,135,3,prt,11,8,93,67
315,c01-066,136,2,all,10,10,70,70
316,c02-000,137,2,all,10,10,79,79
317,c02-003,138,3,prt,9,8,71,63
318,c02-007,139,4,prt,9,7,76,58
319,c02-012,140,4,prt,10,9,88,77
320,c02-017,139,4,all,10,10,76,76
321,c02-022,140,3,all,9,9,65,65
322,c02-026,141,3,prt,9,7,73,55
323,c02-030,142,4,prt,9,7,77,59
324,c02-035,143,2,prt,6,5,65,54
325,c02-049,144,2,prt,11,8,82,53
326,c02-056,145,2,prt,9,8,86,75
327,c02-059,146,4,prt,11,10,89,86
328,c02-078,147,3,prt,10,8,100,79
329,c02-082,148,3,prt,10,8,71,57
330,c02-089,149,1,prt,7,4,43,21
331,c03-000a,150,2,prt,8,7,60,53
332,c03-000b,151,2,all,7,7,60,60
333,c03-000c,152,2,all,8,8,61,61
334,c03-000d,153,2,all,8,8,61,61
335,c03-000e,154,2,prt,8,6,60,45
336,c03-000f,155,2,all,9,9,60,60
337,c03-003a,150,3,prt,9,7,79,63
338,c03-003b,151,3,prt,8,7,79,69
339,c03-007,156,2,prt,8,7,69,59
340,c03-003c,152,3,all,9,9,80,80
341,c03-003d,153,3,prt,9,8,80,72
342,c03-003e,154,3,prt,9,8,80,69
343,c03-003f,155,3,prt,10,8,80,63
344,c03-007a,150,2,all,8,8,69,69
345,c03-007b,151,2,prt,8,7,69,61
346,c03-007c,152,2,prt,9,7,69,60
347,c03-007d,153,2,all,9,9,69,69
348,c03-007e,154,2,all,9,9,70,70
349,c03-007f,155,2,all,9,9,70,70
350,c03-016a,150,4,all,10,10,85,85
351,c03-016b,151,4,prt,10,7,88,61
352,c03-016c,152,4,prt,10,7,88,62
353,c03-016d,153,4,prt,11,10,88,80
354,c03-016e,154,4,prt,11,10,89,82
355,c03-021a,150,3,prt,10,9,90,79
356,c03-021b,151,3,prt,9,6,89,62
357,c03-021c,152,3,prt,10,9,89,79
358,c03-021d,153,3,all,10,10,89,89
359,c03-021e,154,3,prt,11,10,91,86
360,c03-021f,155,3,prt,10,7,82,54
361,c03-081a,150,2,all,10,10,81,81
362,c03-081b,151,2,prt,10,9,81,73
363,c03-081c,152,2,prt,9,8,81,70
364,c03-081d,153,2,all,11,11,81,81
365,c03-081e,154,2,prt,11,10,82,71
366,c03-081f,155,2,prt,10,9,79,69
367,c03-084a,150,2,all,8,8,63,63
368,c03-084b,151,2,prt,8,4,63,30
369,c03-084c,152,2,prt,7,3,64,24
370,c03-084d,153,2,all,9,9,65,65
371,c03-084e,154,2,prt,8,7,63,54
372,c03-084f,155,2,prt,9,7,63,45
373,c03-087a,150,2,prt,9,8,66,59
374,c03-087b,151,2,prt,9,7,66,50
375,c03-087c,152,2,prt,8,7,68,63
376,c03-087d,153,2,all,10,10,66,66
377,c03-087e,154,2,all,9,9,68,68
378,c03-087f,155,2,prt,9,8,66,59
379,c03-094a,150,1,prt,10,9,80,72
380,c03-094b,151,1,prt,10,8,78,62
381,c03-094c,152,1,prt,9,8,79,70
382,c03-094d,153,1,all,11,11,79,79
383,c03-094e,154,1,prt,10,7,79,55
384,c03-094f,155,1,prt,10,9,79,70
385,c03-096a,150,3,all,9,9,67,67
386,c03-096b,151,3,prt,8,7,67,61
387,c03-096c,152,3,all,8,8,67,67
388,c03-096d,153,3,all,9,9,67,67
389,c03-096e,154,3,all,8,8,67,67
390,c03-096f,155,3,all,9,9,67,67
391,c04-000,157,3,all,5,5,50,50
392,c04-004,157,3,all,8,8,78,78
393,c04-008,158,4,prt,9,6,96,55
394,c04-013,158,3,prt,7,5,62,43
395,c04-017,159,5,prt,8,7,79,65
396,c04-023,160,4,all,6,6,54,54
397,c04-028,160,6,prt,8,6,75,58
398,c04-035,159,3,prt,8,6,70,49
399,c04-039,161,4,prt,9,6,68,41
400,c04-044,161,5,prt,9,4,77,30
401,c04-050,162,5,all,9,9,82,82
402,c04-056,162,4,prt,9,7,77,62
403,c04-061,163,4,prt,7,5,66,48
404,c04-066,163,8,prt,9,7,87,66
405,c04-075,164,4,prt,7,4,85,49
406,c04-080,165,8,all,7,7,65,65
407,c04-089,166,8,prt,8,5,101,66
408,c04-098,166,6,prt,7,6,83,74
409,c04-105,167,4,all,8,8,63,63
410,c04-110,168,5,prt,4,2,70,32
411,c04-116,168,5,all,4,4,77,77
412,c04-122,164,5,prt,8,4,106,47
413,c04-128,165,5,prt,8,5,80,47
414,c04-134,169,4,prt,7,3,77,22
415,c04-139,169,4,all,7,7,77,77
416,c04-144,170,5,prt,8,6,78,55
417,c04-150,170,5,prt,8,6,81,69
418,c04-156,171,3,all,7,7,52,52
419,c04-160,171,4,prt,10,6,84,49
420,c04-165,172,4,prt,9,5,83,41
421,c04-170,172,3,all,5,5,37,37
422,c06-000,130,4,all,7,7,60,60
423,c06-005,125,5,all,9,9,73,73
424,c06-011,173,2,all,9,9,70,70
425,c06-014,129,5,prt,10,1,76,6
426,c06-020,125,6,prt,8,6,74,56
427,c06-027,128,3,prt,8,6,79,58
428,c06-031,130,7,prt,8,6,71,50
429,c06-039,123,3,all,8,8,72,72
430,c06-043,133,3,prt,10,9,65,56
431,c06-047,132,4,prt,7,5,73,50
432,c06-052,126,5,prt,7,4,70,43
433,c06-058,131,3,all,7,7,61,61
434,c06-076,128,3,prt,10,8,90,73
435,c06-080,133,2,prt,10,8,71,55
436,c06-083,174,3,all,9,9,82,82
437,c06-087,126,3,prt,8,5,78,46
438,c06-091,132,3,prt,6,4,72,52
439,c06-095,131,4,prt,8,7,69,59
440,c06-100,123,2,prt,8,7,80,73
441,c06-103,129,2,prt,10,5,67,29
442,c06-106,127,4,prt,11,7,80,53
443,c06-111,124,4,all,8,8,62,62
444,c06-116,133,6,prt,11,10,79,71
445,c06-128,128,4,prt,9,8,69,61
446,c06-138,129,1,prt,11,6,54,26
447,d01-016,175,2,all,4,4,54,54
448,d01-019,175,4,all,6,6,89,89
449,d01-024,176,3,prt,9,8,65,61
450,d01-049,177,2,prt,9,8,76,69
451,d01-052,177,3,all,8,8,61,61
452,d01-056,178,3,prt,10,9,81,75
453,d01-060,178,3,all,10,10,71,71
454,d01-080,179,4,all,8,8,77,77
455,d01-085,179,4,prt,7,5,72,51
456,d01-098,180,5,prt,8,5,82,58
457,d01-104,180,5,prt,9,8,87,81
458,d01-118,181,4,all,7,7,69,69
459,d01-123,181,3,all,8,8,76,76
460,d03-112,182,4,all,9,9,70,70
461,d03-117,183,4,prt,9,8,75,65
462,d04-005,184,2,prt,8,6,71,48
463,d04-008,184,3,all,6,6,60,60
464,d04-012,185,3,prt,11,8,90,69
465,d04-016,185,4,prt,9,5,67,37
466,d04-021,186,6,all,8,8,74,74
467,d04-028,186,3,prt,7,4,86,44
468,d04-032,187,4,prt,11,8,101,71
469,d04-037,187,3,prt,7,4,67,34
470,d04-047,188,2,prt,9,8,69,66
471,d04-050,189,2,prt,6,5,64,56
472,d04-053,188,4,prt,11,8,100,72
473,d04-058,190,3,prt,7,2,80,23
474,d04-062,190,3,prt,5,3,62,37
475,d04-066,191,4,prt,10,6,99,50
476,d04-071,192,3,prt,8,7,67,61
477,d04-075,192,5,prt,10,8,93,72
478,d04-081,193,4,prt,9,8,70,63
479,d04-086,194,2,prt,7,5,82,50
480,d04-089,194,6,prt,8,5,85,45
481,d04-096,195,4,prt,8,5,93,50
482,d04-101,195,5,prt,6,5,74,62
483,d04-111,196,5,prt,12,8,102,66
484,d04-117,197,3,prt,8,6,80,60
485,d04-121,197,3,prt,7,4,75,38
486,d04-125,198,5,prt,6,5,78,63
487,d04-131,198,5,prt,7,6,79,60
488,d05-008,199,4,all,8,8,67,67
489,d05-013,200,7,prt,9,3,87,26
490,d05-021,199,3,prt,9,5,87,52
491,d05-025,199,4,all,10,10,74,74
492,d05-030,199,5,all,9,9,78,78
493,d05-040,201,5,prt,6,5,63,53
494,d06-000,202,2,all,10,10,81,81
495,d06-003,203,4,all,7,7,84,84
496,d06-008,173,2,all,10,10,77,77
497,d06-011,204,3,all,10,10,71,71
498,d06-015,174,4,all,6,6,65,65
499,d06-020,173,4,all,10,10,82,82
500,d06-025,205,1,prt,8,5,65,41
501,d06-027,206,2,prt,8,7,70,60
502,d06-030,174,6,prt,6,5,63,60
503,d06-037,207,3,all,8,8,65,65
504,d06-041,208,4,all,8,8,66,66
505,d06-046,173,3,prt,10,8,87,68
506,d06-050,174,5,all,7,7,78,78
507,d06-056,206,3,prt,9,7,75,61
508,d06-060,208,2,all,10,10,76,76
509,d06-063,173,3,prt,11,10,93,84
510,d06-067,205,4,prt,10,7,73,47
511,d06-072,207,3,prt,11,8,97,75
512,d06-076,203,5,prt,6,5,73,59
513,d06-082,174,3,prt,6,5,63,49
514,d06-086,208,4,all,11,11,97,97
515,d06-091,202,4,prt,11,10,90,82
516,d06-096,206,3,prt,9,8,80,74
517,d06-100,207,3,prt,8,7,68,59
518,d06-104,205,2,all,11,11,72,72
519,d06-107,204,3,prt,11,8,78,56
520,d06-111,203,1,prt,7,5,82,64
521,d06-113,208,3,prt,5,3,45,22
522,d07-082,209,2,all,9,9,70,70
523,d07-085,209,3,all,8,8,66,66
524,d07-089,209,3,prt,11,10,93,83
525,d07-093,209,2,prt,9,8,69,64
526,d07-096,209,3,prt,10,6,89,50
527,d07-100,209,1,prt,10,9,76,69
528,d07-102,209,3,prt,8,7,74,66
529,e01-014,210,3,all,7,7,66,66
530,e01-018,210,3,prt,9,8,80,70
531,e01-022,211,2,all,7,7,48,48
532,e01-025,211,3,all,11,11,81,81
533,e01-029,212,2,all,9,9,68,68
534,e01-032,212,2,all,11,11,89,89
535,e01-035,212,2,prt,8,7,64,56
536,e01-050,213,4,all,8,8,61,61
537,e01-055,181,3,all,10,10,81,81
538,e01-059,213,2,all,7,7,62,62
539,e01-062,213,3,all,8,8,67,67
540,e01-081,214,4,prt,6,5,61,51
541,e01-086,214,5,prt,7,3,79,32
542,e01-092,215,4,all,8,8,70,70
543,e01-102,215,4,all,9,9,80,80
544,e01-107,216,5,all,10,10,83,83
545,e01-113,216,5,all,8,8,65,65
546,e01-119,217,6,all,8,8,79,79
547,e02-000,218,3,prt,8,7,64,55
548,e02-014,219,3,prt,7,5,60,50
549,e02-018,220,2,all,7,7,57,57
550,e02-021,221,3,prt,9,3,80,26
551,e02-025,222,2,prt,11,10,72,59
552,e02-074,223,3,prt,11,9,90,72
553,e02-082,224,3,prt,9,5,70,42
554,e02-086,225,4,all,10,10,103,103
555,e02-091,226,2,prt,9,7,61,42
556,e02-094,227,5,all,10,10,76,76
557,e02-100,228,3,prt,7,6,70,60
558,e02-117,229,3,prt,9,8,74,62
559,e04-000,158,3,all,8,8,64,64
560,e04-004,230,3,all,7,7,80,80
561,e04-008,230,2,prt,5,3,57,27
562,e04-011,231,3,all,9,9,72,72
563,e04-015,231,3,prt,8,7,69,58
564,e04-019,232,2,prt,9,8,62,56
565,e04-022,232,3,prt,8,6,66,54
566,e04-026,233,3,prt,7,4,73,41
567,e04-030,233,3,prt,7,6,69,58
568,e04-034,234,3,prt,8,5,83,44
569,e04-038,234,4,prt,7,6,63,53
570,e04-043,235,3,all,8,8,64,64
571,e04-052,235,5,prt,8,5,92,50
572,e04-058,236,3,all,7,7,70,70
573,e04-062,237,5,prt,9,4,87,31
574,e04-068,237,5,prt,7,4,78,44
575,e04-079,238,3,prt,10,8,61,47
576,e04-083,239,2,all,7,7,62,62
577,e04-086,240,4,prt,7,4,70,34
578,e04-091,241,3,prt,6,5,55,45
579,e04-095,241,3,all,7,7,64,64
580,e04-099,241,3,all,7,7,70,70
581,e04-103,242,5,prt,7,6,73,62
582,e04-109,242,4,prt,7,6,67,58
583,e04-114,242,4,prt,8,7,81,69
584,e04-119,243,4,prt,6,4,63,48
585,e04-124,243,2,prt,7,4,74,40
586,e04-127,243,4,prt,7,5,68,51
587,e04-132,241,1,all,5,5,37,37
588,e06-000,206,2,prt,8,7,59,52
589,e06-003,204,2,prt,11,6,76,38
590,e06-006,202,3,all,11,11,78,78
591,e06-010,203,4,all,8,8,81,81
592,e06-015,204,5,prt,10,8,65,50
593,e06-021,206,4,all,11,11,84,84
594,e06-026,205,3,prt,10,9,57,52
595,e06-030,204,2,prt,11,7,85,53
596,e06-033,207,3,prt,10,9,96,85
597,e06-037,202,3,all,11,11,84,84
598,e06-041,202,4,all,10,10,71,71
599,e06-046,203,2,prt,6,3,74,35
600,e06-049,205,3,prt,10,7,74,49
601,e06-053,208,3,all,9,9,72,72
602,e06-070,207,4,prt,10,8,84,69
603,e07-000,85,2,prt,7,6,61,52
604,e07-003,244,3,prt,10,7,78,56
605,e07-007,245,4,all,8,8,70,70
606,e07-012,246,3,prt,12,10,84,68
607,e07-061,246,4,all,11,11,90,90
608,e07-066,246,2,all,9,9,66,66
609,e07-072,246,3,prt,12,11,91,81
610,e07-076,247,2,prt,10,9,80,73
611,e07-079,247,3,prt,11,9,78,63
612,e07-083,247,2,all,11,11,83,83
613,e07-086,247,3,all,10,10,73,73
614,e07-090,247,3,prt,10,9,73,64
615,e07-094,248,3,prt,9,7,76,63
616,e07-098,248,2,all,10,10,87,87
617,e07-101,248,3,all,11,11,94,94
618,e07-105,248,2,all,8,8,57,57
619,e07-108,248,3,prt,11,10,85,78
620,e07-112,249,2,all,6,6,45,45
621,f01-053,250,4,prt,9,6,71,49
622,f01-058,250,3,all,10,10,74,74
623,f01-066,251,3,prt,10,5,118,57
624,f01-070,252,4,prt,9,7,85,68
625,f01-075,253,5,all,11,11,89,89
626,f01-081,254,3,prt,7,2,63,20
627,f01-085,254,3,prt,7,4,74,36
628,f01-135,255,3,all,11,11,57,57
629,f01-139,217,3,prt,8,7,76,63
630,f01-143,256,3,prt,7,6,66,56
631,f01-147,256,3,all,9,9,84,84
632,f02-000,257,2,prt,9,6,71,48
633,f02-003,258,2,all,6,6,55,55
634,f02-017,259,2,all,9,9,79,79
635,f02-020,260,3,all,8,8,82,82
636,f02-030,261,2,prt,7,5,67,44
637,f02-033,259,3,prt,12,9,87,70
638,f02-036,262,1,prt,9,8,80,68
639,f02-038,263,1,prt,11,8,75,56
640,f02-040,264,3,prt,10,9,81,72
641,f02-044,265,3,prt,11,10,115,106
642,f02-076,266,3,all,10,10,72,72
643,f03-169,267,4,all,7,7,69,69
644,f03-174,268,7,all,6,6,69,69
645,f03-182,269,8,prt,8,6,84,70
646,f03-191,270,9,all,7,7,69,69
647,f04-004,272,2,all,8,8,69,69
648,f04-007,273,3,prt,7,6,62,53
649,f04-011,272,4,prt,11,10,102,92
650,f04-016,272,3,prt,8,7,70,61
651,f04-020,274,3,all,6,6,77,77
652,f04-024,275,3,prt,8,6,74,57
653,f04-028,275,3,prt,11,8,102,74
654,f04-032,276,2,prt,10,7,91,57
655,f04-035,276,3,prt,6,5,58,46
656,f04-039,277,3,prt,9,7,75,57
657,f04-043,277,2,prt,8,5,67,41
658,f04-046,278,2,prt,6,5,63,52
659,f04-049,278,3,prt,7,6,90,77
660,f04-053,279,3,prt,7,6,70,60
661,f04-057,279,3,all,10,10,79,79
662,f04-061,280,2,prt,8,7,69,59
663,f04-064,280,3,prt,9,8,74,65
664,f04-068,281,2,prt,8,5,70,42
665,f04-071,281,2,prt,10,5,89,43
666,f04-074,282,4,prt,12,9,115,83
667,f04-079,282,3,all,11,11,96,96
668,f04-083,283,3,prt,10,5,108,52
669,f04-087,283,2,all,6,6,68,68
670,f04-093,193,2,prt,10,9,76,70
671,f04-096,193,3,all,11,11,71,71
672,f04-100,193,2,all,11,11,75,75
673,f07-000,285,1,prt,9,6,59,38
674,f07-000b,286,1,all,7,7,57,57
675,f07-002,286,3,all,9,9,76,76
676,f07-006,286,2,all,7,7,59,59
677,f07-009,286,3,prt,10,8,87,68
678,f07-013,287,2,prt,11,9,77,59
679,f07-016,287,2,prt,11,7,91,59
680,f07-019a,288,1,prt,9,6,71,44
681,f07-019b,287,1,all,11,11,69,69
682,f07-021a,288,2,prt,8,5,80,46
683,f07-021b,287,2,prt,10,7,80,58
684,f07-024a,288,3,prt,9,5,81,37
685,f07-024b,287,3,prt,11,8,82,54
686,f07-028a,288,3,prt,10,9,89,77
687,f07-028b,289,3,all,12,12,89,89
688,f07-032a,288,3,prt,11,7,86,53
689,f07-032b,289,3,prt,12,10,88,74
690,f07-036,289,2,all,9,9,63,63
691,f07-039a,285,2,prt,7,6,47,38
692,f07-039b,289,2,prt,9,7,64,47
693,f07-042a,285,3,prt,8,7,62,52
694,f07-042b,289,3,all,8,8,62,62
695,f07-046a,285,3,prt,10,6,82,44
696,f07-046b,290,3,all,9,9,82,82
697,f07-069,291,3,all,10,10,93,93
698,f07-073,291,2,prt,10,9,92,83
699,f07-076a,292,4,prt,11,10,71,64
700,f07-081a,292,2,all,11,11,66,66
701,f07-096,293,4,all,7,7,74,74
702,f07-081b,291,2,all,7,7,66,66
703,f07-084a,292,3,all,11,11,82,82
704,f07-084b,291,3,prt,9,8,95,85
705,f07-088a,292,3,prt,10,9,66,61
706,f07-088b,293,3,all,7,7,66,66
707,f07-092a,292,3,all,9,9,67,67
708,f07-092b,293,3,prt,7,6,68,56
709,f07-101a,294,1,all,8,8,52,52
710,f07-101b,293,1,all,5,5,52,52
711,g01-000,217,3,all,9,9,79,79
712,g01-004,295,3,all,6,6,56,56
713,g01-008,295,3,all,9,9,87,87
714,g01-012,296,3,all,7,7,57,57
715,g01-016,296,2,all,8,8,66,66
716,g01-019,296,2,prt,10,9,80,71
717,g01-022,297,2,all,10,10,60,60
718,g01-025,297,1,all,10,10,66,66
719,g01-027,297,3,prt,10,9,67,59
720,g01-031,298,2,prt,11,10,83,77
721,g01-034,298,2,all,9,9,78,78
722,g01-037,298,1,all,10,10,76,76
723,g01-039,299,3,all,10,10,85,85
724,g01-043,299,1,prt,10,8,80,64
725,g01-045,299,2,prt,10,9,83,76
726,g01-067,300,2,all,10,10,82,82
727,g01-070,300,3,all,10,10,74,74
728,g01-074,300,4,all,10,10,79,79
729,g01-083,301,4,prt,11,10,115,102
730,g01-088,302,2,prt,10,7,79,55
731,g02-059,303,2,all,8,8,85,85
732,g02-062,304,2,all,10,10,93,93
733,g02-065,305,3,prt,10,9,75,68
734,g02-073,307,1,prt,6,2,46,16
735,g03-000,308,4,prt,10,6,81,41
736,g03-004,309,3,prt,6,1,70,13
737,g03-016,310,1,prt,9,7,75,61
738,g03-032,312,3,prt,8,7,72,63
739,g03-040,313,2,prt,8,5,71,40
740,g03-043,314,5,prt,11,7,78,50
741,g03-049,315,2,prt,8,7,62,55
742,g03-052,316,5,prt,11,10,90,81
743,g03-058,317,1,prt,8,7,63,54
744,g03-064,318,1,prt,8,6,63,48
745,g04-003,239,3,prt,9,8,65,58
746,g04-007,273,3,all,8,8,69,69
747,g04-011,273,2,all,9,9,72,72
748,g04-014,273,2,all,6,6,50,50
749,g04-017,274,4,all,8,8,99,99
750,g04-022,319,3,all,8,8,70,70
751,g04-026,274,5,all,7,7,90,90
752,g04-032,274,3,prt,6,5,69,56
753,g04-036,320,2,prt,8,5,83,52
754,g04-039,320,3,prt,8,6,80,55
755,g04-043,321,4,prt,9,8,94,82
756,g04-048,321,3,prt,8,7,68,57
757,g04-052,322,2,prt,7,6,64,53
758,g04-055,323,4,prt,10,8,81,65
759,g04-060,324,2,prt,7,6,78,65
760,g04-063,324,4,prt,10,7,111,74
761,g04-068,325,3,prt,10,5,112,53
762,g04-072,325,4,prt,9,6,82,52
763,g04-077,326,3,prt,7,6,74,72
764,g04-081,327,2,prt,6,5,65,60
765,g04-088,328,3,prt,12,9,94,70
766,g04-092,328,2,prt,11,4,84,30
767,g04-095,273,2,prt,9,7,73,55
768,g04-098,329,2,prt,7,5,61,45
769,g04-101,329,2,prt,7,6,57,50
770,g04-104,330,3,all,9,9,91,91
771,g04-108,330,1,all,3,3,23,23
772,g05-087,331,2,prt,7,6,60,49
773,g05-094,119,3,all,10,10,82,82
774,g05-098,118,2,all,7,7,83,83
775,g06-011a,332,6,all,11,11,111,111
776,g06-011b,333,6,all,11,11,100,100
777,g06-011c,334,6,all,10,10,109,109
778,g06-011e,336,6,all,9,9,109,109
779,g06-011f,337,6,all,8,8,109,109
780,g06-011g,338,6,all,9,9,109,109
781,g06-011h,339,6,prt,10,8,109,86
782,g06-011i,340,6,prt,9,7,109,82
783,g06-011j,341,6,prt,11,9,109,87
784,g06-011k,342,6,all,11,11,109,109
785,g06-011l,343,6,prt,9,6,109,68
786,g06-011m,344,6,prt,10,9,109,95
787,g06-011n,345,6,prt,11,8,87,58
788,g06-011o,346,6,all,11,11,110,110
789,g06-011p,347,6,prt,9,8,109,93
790,g06-011r,348,6,all,9,9,109,109
791,g06-018a,332,3,all,8,8,85,85
792,g06-018b,333,3,prt,10,8,85,68
793,g06-018c,334,3,prt,8,7,85,78
794,g06-018d,335,3,prt,8,6,85,64
795,g06-018e,336,3,all,7,7,85,85
796,g06-018f,337,3,all,6,6,85,85
797,g06-018g,338,3,prt,7,6,85,70
798,g06-018h,339,3,prt,8,6,85,64
799,g06-018i,340,3,prt,7,6,85,73
800,g06-018j,341,3,all,9,9,85,85
801,g06-018k,342,3,prt,8,7,86,74
802,g06-018l,343,3,prt,7,5,85,60
803,g06-018m,344,3,all,8,8,85,85
804,g06-018n,345,3,prt,11,10,77,70
805,g06-018o,346,3,all,10,10,86,86
806,g06-018p,347,3,all,8,8,85,85
807,g06-018r,348,3,prt,7,5,85,58
808,g06-026a,332,4,prt,7,6,64,51
809,g06-026b,333,4,prt,9,8,64,56
810,g06-026c,334,4,all,6,6,64,64
811,g06-026d,335,4,all,6,6,66,66
812,g06-026e,336,4,all,6,6,64,64
813,g06-026f,337,4,prt,5,4,64,50
814,g06-026g,338,4,all,5,5,64,64
815,g06-026h,339,4,prt,6,4,64,45
816,g06-026i,340,4,all,6,6,64,64
817,g06-026j,341,4,prt,7,5,64,44
818,g06-026k,342,4,all,7,7,64,64
819,g06-026l,343,4,all,6,6,64,64
820,g06-026m,344,4,all,7,7,64,64
821,g06-026n,345,4,prt,8,7,65,55
822,g06-026o,346,4,all,8,8,65,65
823,g06-026p,347,4,all,6,6,64,64
824,g06-026r,348,4,prt,6,5,64,55
825,g06-031a,332,5,prt,9,6,85,63
826,g06-031b,333,5,prt,11,10,85,81
827,g06-031c,334,5,prt,8,7,86,79
828,g06-031d,335,5,prt,8,7,85,75
829,g06-031e,336,5,prt,7,6,86,73
830,g06-031f,337,5,all,6,6,85,85
831,g06-031g,338,5,all,7,7,85,85
832,g06-031h,339,5,prt,9,6,85,64
833,g06-031i,340,5,prt,7,5,85,57
834,g06-031j,341,5,prt,10,7,85,53
835,g06-031k,342,5,all,9,9,85,85
836,g06-031l,343,5,prt,7,6,85,72
837,g06-031m,344,5,all,9,9,85,85
838,g06-031n,345,5,prt,11,9,86,73
839,g06-031o,346,5,all,11,11,86,86
840,g06-031p,347,5,prt,8,7,86,82
841,g06-031r,348,5,prt,8,6,85,72
842,g06-037b,333,4,all,10,10,77,77
843,g06-037c,334,4,prt,11,10,93,85
844,g06-037d,335,4,all,10,10,95,95
845,g06-037e,336,4,all,9,9,94,94
846,g06-037f,337,4,all,8,8,93,93
847,g06-037g,338,4,all,9,9,93,93
848,g06-037h,339,4,all,11,11,94,94
849,g06-037i,340,4,all,10,10,93,93
850,g06-037j,341,4,prt,11,10,89,81
851,g06-037k,342,4,all,10,10,93,93
852,g06-037l,343,4,prt,10,9,93,85
853,g06-037m,344,4,all,11,11,93,93
854,g06-037n,345,4,prt,11,8,81,58
855,g06-037o,346,4,prt,11,10,83,76
856,g06-037p,347,4,prt,10,9,93,85
857,g06-037r,348,4,all,10,10,93,93
858,g06-042a,332,2,all,7,7,58,58
859,g06-042b,333,2,all,8,8,58,58
860,g06-042c,334,2,prt,6,5,58,45
861,g06-042d,335,2,prt,5,4,58,44
862,g06-042e,336,2,all,6,6,58,58
863,g06-042f,337,2,prt,5,4,58,53
864,g06-042g,338,2,all,5,5,58,58
865,g06-042h,339,2,prt,7,6,58,45
866,g06-042i,340,2,all,5,5,58,58
867,g06-042j,341,2,prt,7,6,58,48
868,g06-042k,342,2,all,6,6,58,58
869,g06-042l,343,2,prt,5,4,58,46
870,g06-042m,344,2,all,7,7,58,58
871,g06-042n,345,2,prt,8,6,58,46
872,g06-042o,346,2,prt,8,6,59,44
873,g06-042p,347,2,all,6,6,58,58
874,g06-042r,348,2,prt,6,5,58,47
875,g06-045a,332,1,all,8,8,64,64
876,g06-045b,333,1,all,10,10,64,64
877,g06-045c,334,1,prt,7,6,64,54
878,g06-045d,335,1,prt,7,6,64,53
879,g06-045e,336,1,prt,7,5,64,44
880,g06-045f,337,1,prt,6,5,64,51
881,g06-045g,338,1,all,6,6,64,64
882,g06-045h,339,1,prt,8,5,64,35
883,g06-045i,340,1,prt,7,6,64,60
884,g06-045j,341,1,all,9,9,65,65
885,g06-045k,342,1,prt,7,6,64,54
886,g06-045l,343,1,all,7,7,64,64
887,g06-045m,344,1,all,9,9,64,64
888,g06-045n,345,1,all,10,10,65,65
889,g06-045o,346,1,all,10,10,66,66
890,g06-045p,347,1,all,7,7,64,64
891,g06-045r,348,1,prt,7,6,64,54
892,g06-047a,332,2,prt,8,6,67,51
893,g06-047b,333,2,all,8,8,66,66
894,g06-047c,334,2,prt,8,7,66,56
895,g06-047d,335,2,all,7,7,66,66
896,g06-047e,336,2,all,6,6,66,66
897,g06-047f,337,2,prt,6,5,66,63
898,g06-047g,338,2,prt,6,5,66,57
899,g06-047h,339,2,prt,7,6,66,55
900,g06-047i,340,2,prt,7,6,66,57
901,g06-047j,341,2,all,9,9,66,66
902,g06-047k,342,2,prt,8,6,66,47
903,g06-047l,343,2,prt,7,6,66,59
904,g06-047m,344,2,prt,9,8,66,57
905,g06-047n,345,2,prt,9,7,66,50
906,g06-047o,346,2,all,9,9,67,67
907,g06-047p,347,2,all,7,7,66,66
908,g06-047r,348,2,all,7,7,66,66
909,g06-050a,332,3,all,9,9,76,76
910,g06-050b,333,3,all,9,9,75,75
911,g06-050c,334,3,prt,9,8,76,68
912,g06-050d,335,3,prt,8,7,75,68
913,g06-050e,336,3,all,7,7,75,75
914,g06-050f,337,3,all,6,6,75,75
915,g06-050g,338,3,all,7,7,75,75
916,g06-050h,339,3,prt,8,7,75,65
917,g06-050i,340,3,prt,8,7,75,66
918,g06-050j,341,3,all,10,10,75,75
919,g06-050k,342,3,all,9,9,75,75
920,g06-050l,343,3,prt,8,7,75,67
921,g06-050m,344,3,prt,10,8,75,59
922,g06-050n,345,3,prt,11,8,72,54
923,g06-050o,346,3,prt,10,7,78,55
924,g06-050p,347,3,prt,7,6,75,66
925,g06-050r,348,3,all,8,8,75,75
926,g06-089,349,3,prt,10,7,84,54
927,g06-093,349,2,prt,8,7,76,67
928,g06-096,349,4,prt,7,5,76,54
929,g06-101,349,3,all,7,7,65,65
930,g06-105,349,3,all,7,7,62,62
931,g06-109,349,2,prt,8,6,76,62
932,g06-115,349,2,prt,5,4,48,39
933,g07-000a,294,2,prt,12,10,88,74
934,g07-000b,293,2,prt,10,9,92,82
935,g07-003a,294,3,prt,11,10,83,74
936,g07-003b,350,3,prt,10,6,103,58
937,g07-007a,294,2,all,11,11,78,78
938,g07-007b,350,2,prt,7,4,77,45
939,g07-010b,350,3,prt,10,4,98,36
940,g07-014,351,3,all,8,8,59,59
941,g07-014b,350,3,prt,5,4,59,50
942,g07-018a,351,3,prt,11,8,103,78
943,g07-022a,351,3,all,9,9,67,67
944,g07-022b,352,3,prt,7,6,67,56
945,g07-026a,351,1,all,10,10,82,82
946,g07-026b,352,1,all,9,9,82,82
947,g07-028a,351,1,prt,7,6,52,44
948,g07-028b,352,1,all,7,7,53,53
949,g07-030,352,3,all,10,10,81,81
950,g07-034,352,3,prt,7,6,62,52
951,g07-038,353,3,all,11,11,83,83
952,g07-042,353,1,all,10,10,87,87
953,g07-044,353,2,all,11,11,102,102
954,g07-047,353,2,all,11,11,101,101
955,g07-050,353,4,all,8,8,71,71
956,g07-065,354,3,all,9,9,62,62
957,g07-069a,354,1,all,9,9,67,67
958,g07-071a,354,2,prt,11,10,86,77
959,g07-074a,354,2,all,11,11,81,81
960,g07-077a,354,1,all,10,10,75,75
961,g07-079a,285,2,prt,12,6,89,46
962,g07-084,355,4,prt,8,5,97,63
963,h01-000,356,3,prt,11,8,83,59
964,h01-004,301,2,all,6,6,62,62
965,h01-007,356,2,prt,10,9,73,67
966,h01-010,357,3,prt,8,7,72,64
967,h01-014,357,3,prt,9,7,87,68
968,h01-018,357,1,prt,7,5,62,41
969,h01-024,359,2,prt,9,8,83,71
970,h01-027,360,2,prt,11,10,84,75
971,h01-030,361,3,all,10,10,57,57
972,h02-004,362,3,all,10,10,81,81
973,h02-008,363,3,prt,7,5,68,46
974,h02-012,364,4,prt,10,8,75,58
975,h02-017,365,1,all,8,8,66,66
976,h02-019,366,2,prt,9,6,84,53
977,h02-022,367,1,prt,9,6,81,53
978,h02-024,368,3,all,8,8,65,65
979,h02-028,369,3,all,9,9,79,79
980,h02-035,370,1,prt,10,7,91,57
981,h02-037,371,2,prt,10,9,62,56
982,h02-040,372,2,prt,10,7,75,52
983,h02-043,373,2,prt,10,6,68,35
984,h02-049,375,2,prt,8,5,79,53
985,h04-000,239,2,all,10,10,70,70
986,h04-007,330,2,prt,9,6,88,56
987,h04-021,330,3,prt,9,8,84,75
988,h04-025,274,2,all,7,7,89,89
989,h04-028,376,2,prt,11,6,81,34
990,h04-035,377,3,prt,8,3,79,27
991,h04-049,378,2,prt,10,6,84,41
992,h04-052,379,2,prt,10,7,100,68
993,h04-055,379,1,prt,9,7,69,52
994,h04-057,380,3,all,10,10,76,76
995,h04-061,380,2,all,11,11,87,87
996,h04-071,382,2,prt,6,5,72,60
997,h04-074,382,3,prt,8,3,74,24
998,h04-078,383,3,prt,7,5,71,48
999,h04-082,383,3,prt,12,6,128,63
1000,h05-012,118,2,all,7,7,74,74
1001,h06-000,349,2,all,8,8,71,71
1002,h06-003,349,3,prt,11,10,97,89
1003,h06-079,384,2,prt,9,6,65,46
1004,h06-082,384,2,prt,11,8,92,60
1005,h06-085,384,3,prt,11,10,76,69
1006,h06-089,384,2,prt,12,11,90,87
1007,h06-092,384,3,prt,10,9,71,63
1008,h06-096,384,1,prt,8,7,51,49
1009,h07-000,355,2,all,7,7,62,62
1010,h07-003,355,3,all,10,10,96,96
1011,h07-007,355,3,prt,10,8,95,78
1012,h07-011,355,1,all,6,6,56,56
1013,h07-013,385,3,prt,11,9,85,70
1014,h07-017,385,2,prt,10,9,80,76
1015,h07-020,385,2,prt,9,7,67,51
1016,h07-023,385,1,all,9,9,71,71
1017,h07-025,386,2,all,11,11,65,65
1018,h07-025a,385,2,all,10,10,73,73
1019,h07-028,386,1,all,11,11,59,59
1020,h07-028a,387,1,all,9,9,61,61
1021,h07-030,386,2,all,10,10,48,48
1022,h07-030a,387,2,all,10,10,73,73
1023,h07-033,386,3,all,10,10,60,60
1024,h07-033a,387,3,all,11,11,94,94
1025,h07-037,386,2,prt,10,9,58,52
1026,h07-037a,387,2,all,8,8,58,58
1027,h07-040,388,3,prt,11,10,78,72
1028,h07-040b,387,3,prt,11,10,88,80
1029,h07-044a,388,2,all,9,9,53,53
1030,h07-051b,388,2,all,11,11,77,77
1031,h07-054a,389,2,prt,9,7,72,56
1032,h07-057a,389,2,all,8,8,68,68
1033,h07-060a,389,2,prt,9,7,81,64
1034,h07-060b,390,2,prt,10,8,80,64
1035,h07-063a,389,2,prt,9,8,90,83
1036,h07-063b,390,2,all,10,10,81,81
1037,h07-066a,389,2,all,7,7,64,64
1038,h07-066b,390,2,all,8,8,64,64
1039,h07-069,391,1,prt,8,7,59,51
1040,h07-069a,390,1,prt,6,3,59,29
1041,h07-071,391,3,prt,10,9,78,69
1042,h07-071a,390,3,all,10,10,82,82
1043,h07-075,391,2,prt,8,7,69,60
1044,h07-075a,392,2,prt,8,3,71,22
1045,h07-078,391,1,all,10,10,72,72
1046,h07-078a,392,1,prt,9,2,73,12
1047,h07-080,391,3,all,10,10,77,77
1048,h07-080a,392,3,prt,10,2,98,21
1049,h07-084,392,2,prt,10,1,94,11
1050,h07-087,393,1,all,3,3,28,28
1051,j01-042,394,2,prt,10,7,86,63
1052,j01-045,394,3,prt,10,9,75,69
1053,j01-049,395,2,all,8,8,49,49
1054,j01-059,396,3,all,11,11,84,84
1055,j01-063,397,2,prt,8,6,59,44
1056,j01-066,398,3,prt,12,9,108,81
1057,j01-070,399,2,prt,7,6,53,46
1058,j04-008,400,3,prt,9,6,78,46
1059,j04-012,401,2,prt,10,7,68,47
1060,j04-015,402,3,prt,9,7,69,53
1061,j04-019,403,4,prt,11,10,78,70
1062,j04-024,403,3,prt,10,9,76,67
1063,j04-035,405,3,all,10,10,69,69
1064,j04-039,404,2,prt,9,8,76,66
1065,j04-046,405,2,all,11,11,73,73
1066,j04-053,407,3,all,7,7,65,65
1067,j04-061,408,3,all,7,7,71,71
1068,j04-065,408,4,prt,9,6,83,61
1069,j04-070,409,5,prt,11,8,95,69
1070,j04-076,409,1,all,6,6,40,40
1071,j04-080,410,4,prt,9,8,61,52
1072,j04-094,411,3,prt,9,6,68,50
1073,j04-098,412,4,prt,11,8,71,49
1074,j04-103,413,4,prt,7,6,65,55
1075,j04-111,414,3,prt,10,8,72,59
1076,j04-115,414,2,prt,8,7,54,47
1077,j06-000,384,4,all,11,11,79,79
1078,j06-005,384,2,all,10,10,75,75
1079,j06-008,384,5,prt,11,8,72,53
1080,j06-014,384,3,all,12,12,87,87
1081,j06-018,415,3,prt,11,10,67,61
1082,j06-022,415,3,prt,11,7,61,39
1083,j06-026,415,2,prt,10,9,56,51
1084,j06-030,415,3,all,11,11,54,54
1085,j06-034,415,3,prt,11,9,54,44
1086,j06-051,415,4,prt,11,9,71,57
1087,j06-056,415,3,prt,11,9,64,53
1088,j07-000,393,4,all,8,8,65,65
1089,j07-005,416,3,prt,9,3,81,26
1090,j07-009,393,2,all,8,8,71,71
1091,j07-012,393,2,prt,9,8,70,62
1092,j07-015,393,4,prt,7,5,57,39
1093,k01-051,417,3,all,10,10,86,86
1094,k02-018,418,4,all,8,8,62,62
1095,k02-023,419,6,prt,7,6,78,76
1096,k02-029,420,6,prt,6,5,74,59
1097,k02-036,421,8,prt,8,6,76,57
1098,k02-053,422,4,prt,8,6,70,51
1099,k02-062,423,4,prt,9,7,84,64
1100,k02-067,424,8,prt,8,7,83,74
1101,k02-076,425,6,prt,10,8,70,57
1102,k02-093,426,3,all,6,6,59,59
1103,k02-097,427,4,all,10,10,79,79
1104,k02-102,428,4,prt,8,7,83,70
1105,k02-112,429,4,all,7,7,64,64
1106,k02-117,430,3,prt,10,5,89,41
1107,k03-117,431,2,all,9,9,68,68
1108,k03-138,432,5,prt,7,6,73,58
1109,k03-144,433,9,prt,9,6,86,56
1110,k03-152,434,4,prt,8,6,85,62
1111,k03-157,435,6,prt,7,4,68,41
1112,k03-164,436,5,prt,9,5,76,38
1113,k03-180,420,7,prt,6,3,64,22
1114,k04-000,439,4,prt,6,4,67,47
1115,k04-005,406,4,prt,7,4,89,40
1116,k04-010,440,3,prt,11,10,79,71
1117,k04-014,441,2,prt,7,4,70,38
1118,k04-017,239,4,prt,10,8,83,67
1119,k04-022,240,5,prt,8,5,77,47
1120,k04-028,442,4,prt,8,5,75,43
1121,k04-033,442,5,prt,9,8,80,69
1122,k04-039,439,10,prt,8,6,94,64
1123,k04-050,443,3,prt,7,5,68,50
1124,k04-054,443,2,prt,10,9,81,72
1125,k04-057,444,3,prt,8,3,73,28
1126,k04-061,444,2,prt,9,5,84,48
1127,k04-064,445,3,all,6,6,57,57
1128,k04-068,445,6,all,9,9,92,92
1129,k04-075,446,3,prt,8,6,71,52
1130,k04-079,446,5,prt,11,8,82,60
1131,k04-085,447,7,prt,8,5,85,53
1132,k04-093,447,5,prt,9,5,90,46
1133,k04-099,448,3,all,7,7,59,59
1134,k04-103,448,2,prt,8,6,74,57
1135,k04-106,449,3,prt,7,5,66,49
1136,k04-110,450,4,prt,11,9,81,68
1137,k04-115,450,3,prt,8,6,60,49
1138,k04-119,449,6,prt,7,4,73,38
1139,k04-126,451,9,prt,7,3,84,39
1140,k04-136,451,5,prt,9,4,96,37
1141,k04-142,452,6,prt,7,6,81,64
1142,k04-149,452,6,prt,7,2,77,17
1143,k04-156,453,6,prt,7,1,89,12
1144,k04-163,453,3,prt,8,7,92,78
1145,k07-059a,454,3,all,9,9,91,91
1146,k07-063a,454,3,all,7,7,70,70
1147,k07-067a,454,9,prt,6,5,63,52
1148,k07-077,454,7,prt,7,6,77,66
1149,k07-085,454,11,prt,7,6,86,73
1150,k07-122,455,2,all,9,9,68,68
1151,k07-125,455,8,all,7,7,69,69
1152,k07-134,455,6,prt,8,7,66,57
1153,k07-141,455,4,all,8,8,65,65
1154,k07-146,455,5,all,9,9,72,72
1155,k07-152,456,5,all,8,8,59,59
1156,k07-158,456,7,prt,9,8,69,59
1157,k07-166,456,9,prt,10,8,79,62
1158,k07-176,456,8,all,12,12,81,81
1159,k07-185,456,3,prt,12,9,78,58
1160,l01-000,457,6,prt,11,6,78,39
1161,l01-007,458,8,prt,6,5,61,54
1162,l01-016,458,6,prt,7,6,69,54
1163,l01-023,458,6,prt,7,4,64,36
1164,l01-030,459,6,prt,9,6,69,42
1165,l01-050,460,7,prt,9,8,78,68
1166,l01-065,461,3,prt,12,4,71,18
1167,l01-082,462,6,prt,5,3,77,40
1168,l01-095,463,4,prt,9,8,86,77
1169,l01-105,464,5,all,11,11,75,75
1170,l01-111,465,7,all,9,9,81,81
1171,l01-119,466,9,prt,8,5,93,44
1172,l01-129,467,3,prt,8,6,63,44
1173,l01-133,468,4,prt,9,7,80,57
1174,l01-143,469,4,prt,7,6,60,54
1175,l01-157,470,8,all,8,8,86,86
1176,l01-173,471,5,prt,8,6,85,67
1177,l01-179,472,7,prt,9,8,75,64
1178,l01-187,473,7,all,11,11,90,90
1179,l01-195,474,3,prt,8,7,74,63
1180,l01-199,475,4,prt,11,9,95,70
1181,l03-000,476,3,prt,8,4,50,27
1182,l03-004,477,3,all,10,10,80,80
1183,l03-008,478,3,prt,10,8,75,63
1184,l04-000,479,4,prt,5,3,50,27
1185,l04-005,480,6,all,7,7,82,82
1186,l04-012,480,7,all,8,8,77,77
1187,l04-020,481,5,prt,7,5,91,57
1188,l04-026,481,7,prt,8,2,103,29
1189,l04-034,482,8,prt,9,7,86,66
1190,l04-043,482,8,prt,9,5,82,43
1191,l04-052,483,9,prt,9,4,96,36
1192,l04-062,483,3,prt,10,9,64,56
1193,l04-066,484,4,all,8,8,84,84
1194,l04-071,484,5,prt,9,8,100,92
1195,l04-082,485,5,prt,9,8,72,69
1196,l04-087,486,5,all,6,6,60,60
1197,l04-093,486,4,prt,8,6,84,56
1198,l04-098,487,3,prt,8,4,62,30
1199,l04-102,487,3,all,9,9,66,66
1200,l04-106,488,6,prt,7,6,81,69
1201,l04-113,488,4,prt,6,5,71,56
1202,l04-118,489,5,prt,8,6,74,48
1203,l04-124,489,5,all,10,10,85,85
1204,l04-130,490,5,prt,10,5,95,48
1205,l04-136,490,4,prt,8,4,78,36
1206,l04-141,491,5,prt,7,6,74,62
1207,l04-147,491,5,prt,6,3,73,28
1208,l04-153,492,5,prt,8,5,77,48
1209,l04-159,492,3,prt,9,8,82,70
1210,l04-163,493,6,prt,9,6,80,60
1211,l04-170,493,3,all,8,8,64,64
1212,l04-174,494,4,prt,6,4,61,39
1213,l04-179,494,4,prt,8,7,77,69
1214,l07-052,495,5,prt,5,3,70,38
1215,l07-065,495,4,prt,5,4,69,56
1216,l07-074,495,5,prt,6,4,74,47
1217,l07-080,496,4,all,10,10,72,72
1218,l07-085,496,7,prt,9,7,76,55
1219,l07-103,496,7,prt,8,4,69,33
1220,l07-111,496,6,prt,12,10,85,62
1221,l07-118,497,5,prt,7,6,62,50
1222,l07-131,497,3,all,8,8,61,61
1223,l07-135,497,2,prt,9,8,73,62
1224,l07-138,497,2,all,7,7,56,56
1225,l07-172,498,3,all,11,11,89,89
1226,l07-176,498,4,prt,7,5,75,52
1227,l07-181,498,5,prt,9,7,84,62
1228,l07-187,498,2,prt,9,7,76,56
1229,l07-190,498,3,prt,5,3,60,30
1230,m01-000,499,4,prt,8,6,62,47
1231,m01-012,500,4,prt,11,10,76,71
1232,m01-017,501,4,prt,8,7,61,54
1233,m01-022,502,3,all,6,6,61,61
1234,m01-026,503,5,all,8,8,83,83
1235,m01-032,504,5,prt,9,8,90,88
1236,m01-038,505,3,prt,10,9,71,65
1237,m01-049,506,4,prt,12,10,80,67
1238,m01-060,508,5,prt,8,6,68,49
1239,m01-079,509,4,prt,7,5,66,46
1240,m01-084,510,5,prt,8,7,60,51
1241,m01-090,511,4,all,8,8,81,81
1242,m01-095,512,4,prt,8,7,61,54
1243,m01-100,364,3,all,7,7,67,67
1244,m01-104,513,5,all,8,8,83,83
1245,m01-110,514,4,prt,12,10,85,71
1246,m01-115,515,5,all,9,9,74,74
1247,m01-121,513,3,prt,9,8,73,71
1248,m01-125,516,5,prt,11,10,81,74
1249,m01-131,514,4,prt,7,4,66,36
1250,m01-136,517,3,prt,11,9,71,55
1251,m01-149,518,5,prt,8,7,91,79
1252,m01-160,519,2,all,7,7,52,52
1253,m02-048,520,3,prt,11,10,102,93
1254,m02-052,521,2,prt,7,5,65,48
1255,m02-055,522,4,prt,11,10,83,77
1256,m02-059,523,3,prt,7,5,70,52
1257,m02-066,524,2,prt,6,4,65,47
1258,m02-069,525,2,prt,9,6,96,68
1259,m02-072,526,2,prt,7,6,80,67
1260,m02-075,527,4,prt,8,7,63,54
1261,m02-080,528,3,prt,10,9,80,69
1262,m02-083,529,3,prt,12,10,116,96
1263,m02-087,530,2,all,8,8,70,70
1264,m02-090,531,4,prt,11,9,117,94
1265,m02-095,532,3,all,10,10,75,75
1266,m02-102,533,3,prt,11,7,74,52
1267,m02-106,527,2,prt,10,8,92,73
1268,m02-109,534,2,prt,9,4,77,32
1269,m02-112,535,2,prt,6,5,54,42
1270,m03-006,536,6,prt,10,6,88,51
1271,m03-013,537,6,prt,7,4,67,45
1272,m03-020,538,6,prt,6,5,68,54
1273,m03-033,539,6,prt,8,6,71,47
1274,m03-062,540,1,prt,9,8,66,58
1275,m03-095,541,2,all,9,9,59,59
1276,m03-110,542,3,prt,10,7,83,61
1277,m03-114,542,3,all,10,10,81,81
1278,m03-118,543,3,all,6,6,65,65
1279,m04-000,544,6,prt,8,6,64,47
1280,m04-007,544,4,prt,10,7,82,58
1281,m04-012,544,6,all,10,10,79,79
1282,m04-019,544,4,all,8,8,73,73
1283,m04-024,544,5,all,8,8,69,69
1284,m04-030,545,7,prt,5,4,85,64
1285,m04-038,545,4,all,6,6,69,69
1286,m04-043,545,9,prt,5,1,83,13
1287,m04-061,545,10,prt,5,2,87,29
1288,m04-072,546,5,all,11,11,90,90
1289,m04-078,546,2,prt,8,6,66,44
1290,m04-081,546,11,prt,11,9,96,75
1291,m04-093,546,6,all,10,10,83,83
1292,m04-100,546,6,prt,8,7,73,64
1293,m04-107,547,5,all,11,11,71,71
1294,m04-113,547,9,all,11,11,93,93
1295,m04-123,547,7,all,11,11,85,85
1296,m04-131,547,6,prt,9,8,64,54
1297,m04-138,547,6,prt,10,9,76,67
1298,m04-145,548,6,all,8,8,76,76
1299,m04-152,548,11,prt,8,5,83,58
1300,m04-164,548,15,prt,8,6,96,74
1301,m04-180,548,9,prt,8,6,83,69
1302,m04-190,549,9,prt,10,9,101,89
1303,m04-200,549,8,prt,8,6,70,54
1304,m04-209,549,6,all,7,7,64,64
1305,m04-216,549,5,all,7,7,66,66
1306,m04-222,549,8,prt,8,7,81,70
1307,m04-231,550,6,prt,7,6,68,58
1308,m04-238,550,7,prt,6,5,73,64
1309,m04-246,550,4,all,7,7,78,78
1310,m04-251,548,2,all,3,3,22,22
1311,m06-019,551,11,all,8,8,82,82
1312,m06-031,552,10,prt,7,5,92,67
1313,m06-042,552,5,prt,6,5,61,49
1314,m06-048,552,7,prt,8,4,93,45
1315,m06-056,552,10,all,6,6,70,70
1316,m06-067,552,8,prt,7,6,83,76
1317,m06-076,552,6,prt,7,6,69,60
1318,m06-083,552,7,all,8,8,83,83
1319,m06-091,552,6,prt,7,5,78,55
1320,m06-098,552,7,all,7,7,72,72
1321,m06-106,552,5,all,10,10,92,92
1322,n01-000,553,3,prt,8,7,73,67
1323,n01-004,554,4,all,7,7,56,56
1324,n01-009,553,5,prt,9,7,82,56
1325,n01-020,555,4,prt,10,9,75,71
1326,n01-031,555,4,prt,9,8,71,64
1327,n01-036,556,3,all,6,6,60,60
1328,n01-045,555,6,prt,10,7,86,57
1329,n01-052,557,4,prt,13,2,116,17
1330,n01-057,558,4,all,10,10,68,68
1331,n02-000,559,3,all,8,8,72,72
1332,n02-004,560,4,all,9,9,96,96
1333,n02-009,560,6,prt,7,4,79,43
1334,n02-016,559,7,prt,8,7,87,72
1335,n02-028,561,4,prt,10,3,96,30
1336,n02-033,562,3,all,10,10,69,69
1337,n02-037,562,2,prt,9,8,63,57
1338,n02-040,563,4,all,8,8,79,79
1339,n02-045,563,3,prt,9,8,84,73
1340,n02-049,561,4,prt,6,2,63,18
1341,n02-054,564,7,prt,10,9,88,79
1342,n02-062,565,5,all,8,8,70,70
1343,n02-082a,566,7,prt,7,6,71,59
1344,n02-098,567,5,prt,8,6,73,56
1345,n02-104,315,4,prt,8,6,75,59
1346,n02-109,315,4,all,8,8,67,67
1347,n02-114,315,5,prt,10,8,77,60
1348,n02-120,315,6,all,8,8,69,69
1349,n02-127,315,5,prt,8,5,79,45
1350,n02-146,81,4,prt,7,5,98,77
1351,n02-151,568,2,prt,11,8,79,58
1352,n02-154,569,2,prt,7,5,69,51
1353,n02-157,570,5,all,9,9,87,87
1354,n03-038,571,2,prt,7,6,58,48
1355,n03-064,572,1,prt,6,3,59,27
1356,n03-066,573,5,prt,8,7,82,69
1357,n03-079,574,2,all,7,7,59,59
1358,n03-082,575,8,all,8,8,76,76
1359,n03-091,576,5,prt,9,8,89,81
1360,n03-097,577,5,prt,9,8,78,67
1361,n03-103,577,2,all,10,10,69,69
1362,n03-106,578,6,prt,12,10,95,80
1363,n03-113,579,6,prt,10,9,74,61
1364,n03-120,580,5,prt,10,9,79,70
1365,n03-126,581,3,prt,5,4,49,37
1366,n04-000,550,8,all,6,6,78,78
1367,n04-009,550,5,prt,7,5,68,50
1368,n04-015,582,6,prt,8,7,84,70
1369,n04-022,582,8,prt,8,7,80,68
1370,n04-031,582,7,prt,8,7,77,66
1371,n04-039,582,4,prt,6,5,52,45
1372,n04-044,582,3,prt,11,10,95,93
1373,n04-048,583,3,prt,10,8,88,64
1374,n04-052,583,7,prt,9,6,85,56
1375,n04-060,583,7,prt,7,6,72,60
1376,n04-068,583,6,prt,8,7,71,60
1377,n04-075,583,8,prt,8,2,84,15
1378,n04-084,584,7,prt,7,3,81,29
1379,n04-092,584,7,prt,9,5,86,42
1380,n04-100,584,6,prt,8,5,68,39
1381,n04-107,584,6,prt,9,5,75,35
1382,n04-114,584,15,prt,9,4,98,35
1383,n04-130,585,8,prt,6,5,76,61
1384,n04-139,585,9,prt,9,2,90,25
1385,n04-149,585,6,prt,8,2,85,24
1386,n04-156,585,6,prt,8,5,69,40
1387,n04-163,585,7,prt,9,3,86,24
1388,n04-171,586,11,all,7,7,80,80
1389,n04-183,586,6,all,7,7,77,77
1390,n04-190,586,4,prt,7,5,72,46
1391,n04-195,586,6,prt,6,5,70,57
1392,n04-202,587,6,all,9,9,94,94
1393,n04-209,587,3,all,8,8,65,65
1394,n04-213,587,4,all,8,8,74,74
1395,n04-218,587,4,all,10,10,97,97
1396,n06-074,588,7,prt,7,6,80,68
1397,n06-082,588,9,prt,8,6,92,63
1398,n06-092,588,7,prt,9,7,91,72
1399,n06-100,588,10,prt,10,9,93,78
1400,n06-111,588,7,prt,8,6,83,61
1401,n06-119,588,3,all,7,7,55,55
1402,n06-123,588,4,prt,11,10,96,86
1403,n06-128,588,4,prt,9,7,69,57
1404,n06-133,588,6,prt,9,7,94,74
1405,n06-140,588,7,prt,8,6,82,59
1406,n06-148,551,7,prt,9,7,93,72
1407,n06-156,551,6,prt,8,7,73,63
1408,n06-163,551,5,prt,10,7,92,65
1409,n06-169,551,5,prt,9,4,85,38
1410,n06-175,551,6,prt,10,7,89,54
1411,n06-182,551,3,all,8,8,72,72
1412,n06-186,551,7,prt,8,5,85,47
1413,n06-194,551,6,prt,8,5,89,53
1414,n06-201,551,4,prt,8,6,80,56
1415,p01-147,589,7,prt,12,11,99,95
1416,p01-155,590,5,prt,10,8,90,72
1417,p01-168,591,5,prt,8,7,77,62
1418,p01-174,592,6,prt,9,3,71,24
1419,p02-000,593,7,prt,7,6,73,60
1420,p02-008,594,4,all,11,11,70,70
1421,p02-017,595,4,prt,8,6,69,51
1422,p02-022,596,4,prt,9,7,82,65
1423,p02-027,597,7,prt,5,4,78,64
1424,p02-069,598,6,prt,10,6,88,46
1425,p02-076,599,4,prt,11,10,82,76
1426,p02-081,599,2,prt,10,9,83,76
1427,p02-090,598,2,prt,9,8,64,58
1428,p02-101,600,3,prt,8,7,69,60
1429,p02-105,601,3,all,8,8,78,78
1430,p02-109,602,6,prt,9,5,90,61
1431,p02-115,603,5,all,9,9,78,78
1432,p02-121,604,5,prt,6,2,63,26
1433,p02-127,605,3,prt,7,4,88,47
1434,p02-131,606,3,all,8,8,75,75
1435,p02-135,607,3,all,9,9,69,69
1436,p02-139,608,4,prt,6,4,71,54
1437,p02-144,609,5,prt,12,10,92,75
1438,p02-150,610,4,prt,9,3,103,24
1439,p02-155,611,1,all,2,2,13,13
1440,p03-004,612,4,prt,12,9,69,55
1441,p03-009,613,2,prt,7,5,71,50
1442,p03-012,614,2,prt,10,9,75,68
1443,p03-023,615,3,prt,6,5,75,59
1444,p03-027,616,1,prt,8,5,81,46
1445,p03-029,617,3,prt,10,8,73,60
1446,p03-033,618,6,prt,6,5,74,54
1447,p03-040,619,6,prt,9,7,86,65
1448,p03-047,620,9,prt,10,9,97,88
1449,p03-057,567,11,prt,10,8,96,75
1450,p03-069,621,2,all,7,7,81,81
1451,p03-072,622,7,prt,8,7,86,81
1452,p03-080,623,6,prt,7,4,69,32
1453,p03-087,567,8,all,11,11,94,94
1454,p03-096,567,6,all,10,10,88,88
1455,p03-103,567,8,prt,8,6,75,56
1456,p03-112,567,8,prt,10,9,96,84
1457,p03-121,624,7,prt,7,4,82,43
1458,p03-135,625,6,all,7,7,80,80
1459,p03-142,626,8,prt,7,6,81,68
1460,p03-151,627,6,prt,8,5,71,42
1461,p03-158,628,4,prt,8,7,83,70
1462,p03-163,629,9,prt,8,2,79,18
1463,p03-173,630,7,prt,9,5,105,56
1464,p03-181,631,3,prt,10,6,89,47
1465,p03-185,632,3,prt,9,8,87,75
1466,p03-189,633,2,all,5,5,30,30
1467,p06-030,634,11,prt,9,3,72,23
1468,p06-042,634,4,prt,11,5,64,29
1469,p06-047,634,4,prt,11,6,67,39
1470,p06-052,634,5,prt,9,6,61,40
1471,p06-058,634,9,prt,11,9,73,57
1472,p06-069,634,7,prt,11,5,78,37
1473,p06-088,634,7,prt,10,6,80,46
1474,p06-096,634,7,prt,11,5,75,34
1475,p06-104,634,7,prt,10,6,77,45
1476,p06-242,635,5,all,8,8,77,77
1477,p06-248,635,4,all,5,5,51,51
1478,r02-000,636,2,all,8,8,62,62
1479,r02-003,637,2,all,6,6,61,61
1480,r02-006,638,3,all,10,10,62,62
1481,r02-010,639,2,prt,8,5,63,37
1482,r02-013,640,3,prt,12,9,83,66
1483,r02-038,641,7,prt,7,6,66,59
1484,r02-054,642,5,prt,7,6,75,59
1485,r02-060,643,4,prt,11,8,63,46
1486,r02-065,644,4,all,8,8,81,81
1487,r02-070,645,3,all,7,7,72,72
1488,r02-078,647,2,prt,8,7,58,52
1489,r02-081,648,8,prt,8,4,76,22
1490,r02-089,649,6,prt,11,6,108,53
1491,r02-109,650,7,prt,10,9,90,84
1492,r02-117,651,9,prt,8,7,81,67
1493,r02-127,652,3,all,6,6,58,58
1494,r02-131,653,5,prt,6,4,69,43
1495,r02-137,654,8,prt,9,4,80,33
1496,r02-146,655,6,prt,6,2,51,19
1497,r03-002,658,4,prt,10,8,75,59
1498,r03-007,658,2,all,9,9,75,75
1499,r03-026,659,3,prt,11,8,100,69
1500,r03-030,660,4,prt,7,6,62,51
1501,r03-035,661,5,prt,9,8,85,82
1502,r03-050,662,2,all,7,7,70,70
1503,r03-053,315,2,prt,9,6,76,48
1504,r03-056,663,8,prt,8,6,104,75
1505,r03-065,664,7,prt,8,6,81,57
1506,r03-084,665,5,prt,10,4,102,32
1507,r03-090,666,5,prt,7,6,81,62
1508,r03-096,667,4,prt,7,5,74,55
1509,r03-110,668,4,prt,10,9,108,95
1510,r03-115,669,1,all,4,4,30,30
1511,r06-000,635,2,prt,6,5,58,50
1512,r06-003,635,3,prt,8,6,90,64
1513,r06-007,635,3,prt,8,7,84,73
1514,r06-011,635,6,prt,6,4,77,48
1515,r06-018,635,3,prt,7,6,65,52
1516,r06-022,635,4,all,8,8,78,78
1517,r06-027,635,7,all,8,8,89,89
1518,r06-035,670,5,prt,7,6,64,56
1519,r06-041,670,2,prt,9,7,66,46
1520,r06-044,670,4,prt,11,10,87,80
1521,r06-049,670,3,all,11,11,80,80
1522,r06-053,670,3,prt,10,9,74,65
1523,r06-057,670,4,prt,9,6,71,49
1524,r06-062,670,3,all,10,10,73,73
1525,r06-066,670,3,prt,10,7,78,54
1526,r06-070,670,5,prt,10,9,69,67
1527,r06-076,670,2,prt,9,8,68,58
1528,r06-090,671,6,all,11,11,82,82
1529,r06-097,671,5,prt,11,10,78,70
1530,r06-103,671,2,prt,8,6,58,44
1531,r06-106,671,4,all,10,10,72,72
1532,r06-111,671,3,prt,9,7,67,53
1533,r06-115,671,5,prt,11,8,84,57
1534,r06-121,671,4,all,11,11,84,84
1535,r06-126,671,3,all,11,11,81,81
1536,r06-130,671,6,prt,10,9,83,76
1537,r06-137,671,5,all,11,11,96,96
1538,r06-143,635,5,all,5,5,55,55
